{
  "L": [
    [[175347046.0, 0.0, 0.0], [3341656.0, 4.6692568, 6283.0758500]],
    [[628331966747.0, 0.0, 0.0], [206059.0, 2.678235, 6283.075850]],
    [[52919.0, 0.0, 0.0], [9721.0, 5.1519, 12566.1517]],
    [[289.0, 5.844, 5753.385]],
    [[114.0, 3.142, 0.0]],
    [[1.0, 3.14, 0.0]]
  ],
  "B": [
    [],
    [],
    [],
    [],
    [],
    []
  ],
  "R": [
    [[100013989.0, 0.0, 0.0], [1670700.0, 3.0984635, 6283.0758500]],
    [[103019.0, 1.107490, 12566.151700], [1721.0, 1.0644, 18849.2275]],
    [[4359.0, 5.7846, 5753.3849]],
    [[145.0, 4.273, 3930.210]],
    [[7.0, 3.92, 12566.15]],
    []
  ]
}

